"Description","Source","count"
"ON VIEW","FIELD INITIATED BY D",32310
"911 HANG UP FROM ACC","911 CALL",28968
"AMBULANCE REQUESTED","911 CALL",18683
"ALARM-RINGER","DEFAULT - PHONE INIT",16123
"SECURITY CHECK","FIELD INITIATED BY D",11823
"COMM ORDER","DEFAULT - PHONE INIT",10302
"911 HANG-UP","911 CALL",9621
"415 UNKNOWN","911 CALL",9263
"CAR STOP","FIELD INITIATED BY D",8816
"BEAT INFORMATION","DEFAULT - PHONE INIT",7994
"AUTO BLOCKING DRIVEW","DEFAULT - PHONE INIT",6447
"MISDIAL","911 CALL",6047
"POLICE RELATED MATTE","911 CALL",5453
"ABANDONED AUTOMOBILE","MDT-INITIATED",5241
"STOLEN VEHICLE","DEFAULT - PHONE INIT",4990
"LOUD MUSIC","DEFAULT - PHONE INIT",4611
"AUTO BURGLARY","DEFAULT - PHONE INIT",4281
"MENTALLY ILL","911 CALL",4157
"AUTO BURGLARY","911 CALL",4154
"VEHICLE COLLISION/PR","911 CALL",3954
"ON VIEW","MDT-INITIATED",3941
"911 HANG UP FROM ACC","DEFAULT - PHONE INIT",3739
"WELFARE CHECK -- CHE","DEFAULT - PHONE INIT",3735
"MENTALLY ILL","DEFAULT - PHONE INIT",3733
"HAZARDOUS SITUATION/","DEFAULT - PHONE INIT",3729
"DISTURBING THE PEACE","911 CALL",3686
"AMBULANCE REQUESTED","DEFAULT - PHONE INIT",3656
"DISTURBING THE PEACE","DEFAULT - PHONE INIT",3334
"REPORT REVIEW","FIELD INITIATED BY D",3334
"BATTERY","911 CALL",3325
"415 SHOT SPOTTER GUN","DEFAULT - PHONE INIT",3293
"BATTERY","DEFAULT - PHONE INIT",3048
"PERSONAL BREAK","FIELD INITIATED BY D",2919
"415 UNKNOWN","DEFAULT - PHONE INIT",2817
"HAZARDOUS SITUATION/","911 CALL",2771
"TRESPASS:","DEFAULT - PHONE INIT",2528
"HIT & RUN (PROPERTY","911 CALL",2470
"FIRE","911 CALL",2414
"RECOVERED STOLEN VEH","DEFAULT - PHONE INIT",2412
"415 FAMILY","911 CALL",2365
"SUSPICIOUS PERSON","DEFAULT - PHONE INIT",2348
"SUSPICIOUS VEHICLE","DEFAULT - PHONE INIT",2262
"BATTERY ON CO-HABITA","911 CALL",2251
"BEAT INFORMATION","911 CALL",2236
"OAKLAND MUNICIPLE CO","DEFAULT - PHONE INIT",2121
"415 THREATS","DEFAULT - PHONE INIT",2114
"STOLEN VEHICLE","911 CALL",2095
"BURGLARY","DEFAULT - PHONE INIT",2036
"SPECIAL ASSIGNMENT","FIELD INITIATED BY D",2014
"VEHICLE COLLISION/PR","DEFAULT - PHONE INIT",1990
"SECURITY CHECK","DEFAULT - PHONE INIT",1908
"RECKLESS DRIVING","DEFAULT - PHONE INIT",1871
"BROADCAST","DEFAULT - PHONE INIT",1858
"AFTER HOURS IA REFER","DEFAULT - PHONE INIT",1847
"RECKLESS DRIVING","911 CALL",1845
"BATTERY ON CO-HABITA","DEFAULT - PHONE INIT",1794
"VEHICLE COLLISION-PE","911 CALL",1793
"DISTURBANCE-NEIGHBOR","DEFAULT - PHONE INIT",1757
"CHECK VEHICLE","DEFAULT - PHONE INIT",1752
"SUSPICIOUS PERSON","911 CALL",1751
"HIT & RUN (PROPERTY","DEFAULT - PHONE INIT",1734
"EVALUATION","DEFAULT - PHONE INIT",1690
"EVALUATION","911 CALL",1680
"ROBBERY","911 CALL",1629
"415 FAMILY","DEFAULT - PHONE INIT",1610
"STOLEN LICENSE PLATE","DEFAULT - PHONE INIT",1575
"SECURITY CHECK","911 CALL",1526
"ROBBERY","DEFAULT - PHONE INIT",1514
"415 THREATS","911 CALL",1491
"WELFARE CHECK -- CHE","911 CALL",1448
"STAND BY AND PRESERV","DEFAULT - PHONE INIT",1442
"BURGLARY","MDT-INITIATED",1437
"415 GUNSHOTS","911 CALL",1393
"STREET CLOSURE","DEFAULT - PHONE INIT",1390
"TRESPASS:","911 CALL",1362
"THEFT","MDT-INITIATED",1261
"FUEL VEHICLE","FIELD INITIATED BY D",1252
"TOW REQUESTED","MDT-INITIATED",1233
"BURGLARY","911 CALL",1212
"415 GUNSHOTS","DEFAULT - PHONE INIT",1208
"DISTURBANCE-CUSTOMER","911 CALL",1199
"ALARM-MANUALLY ACTIV","DEFAULT - PHONE INIT",1179
"VEHICLE COLLISION-PE","DEFAULT - PHONE INIT",1088
"ANIMAL-STRAYING","DEFAULT - PHONE INIT",1082
"VIDEO EVIDENCE","DEFAULT - PHONE INIT",1072
"FIGHT","911 CALL",1064
"RUNAWAY","DEFAULT - PHONE INIT",1057
"RECOVERED STOLEN VEH","FIELD INITIATED BY D",1040
"PROSTITUTION/DISORDE","DEFAULT - PHONE INIT",1006
"VEH PARKED IN SIGNED","DEFAULT - PHONE INIT",982
"WALKING STOP","FIELD INITIATED BY D",967
"DRUG DEALING","DEFAULT - PHONE INIT",964
"THEFT","DEFAULT - PHONE INIT",964
"FIRE","DEFAULT - PHONE INIT",952
"ASSAULT W/DEADLY WEA","911 CALL",949
"THEFT","911 CALL",929
"VIOLATION OF COURT O","DEFAULT - PHONE INIT",900
"EMERGENCY TRAFFIC ON","FIELD INITIATED BY D",872
"DISTURBANCE-DRINKERS","DEFAULT - PHONE INIT",855
"ASSIST","DEFAULT - PHONE INIT",831
"ASSIST OUTSIDE AGENC","DEFAULT - PHONE INIT",822
"415 BOYFRIEND","911 CALL",799
"ASSAULT W/DEADLY WEA","DEFAULT - PHONE INIT",798
"INJURIED ANIMAL","DEFAULT - PHONE INIT",798
"SUSPICIOUS VEHICLE","911 CALL",782
"CHECK VEHICLE","FIELD INITIATED BY D",781
"DISTURBANCE-NEIGHBOR","911 CALL",779
"ASSOCIATED TYPE FROM","DEFAULT - PHONE INIT",777
"415 FIRE CRACKERS","DEFAULT - PHONE INIT",764
"AUTO IN RESTRICED ZO","DEFAULT - PHONE INIT",748
"VANDALISM","DEFAULT - PHONE INIT",739
"911 HANG-UP","DEFAULT - PHONE INIT",734
"STOLEN VEHICLE","MDT-INITIATED",724
"SILENT ROBBERY ALARM","DEFAULT - PHONE INIT",723
"VANDALISM","911 CALL",717
"VEHICLE COLLISION-UN","911 CALL",715
"SUICIDE THREATS","DEFAULT - PHONE INIT",710
"DISTURBANCE-CUSTOMER","DEFAULT - PHONE INIT",709
"INVESTIGATE REPORT O","911 CALL",701
"CRUELTY TO ANIMAL","DEFAULT - PHONE INIT",699
"TOW REQUESTED","FIELD INITIATED BY D",695
"POLICE RELATED MATTE","DEFAULT - PHONE INIT",676
"VEHICLE COLLISION/PR","FIELD INITIATED BY D",655
"VEHICLE PARKED ON SI","DEFAULT - PHONE INIT",653
"HOMELESS ENCAMPMENT","DEFAULT - PHONE INIT",645
"MISSING PERSON","DEFAULT - PHONE INIT",638
"BRANDISH A WEAPON","911 CALL",637
"SUBJECT ARMED WITH W","911 CALL",621
"FIGHT","DEFAULT - PHONE INIT",617
"BROADCAST","911 CALL",612
"PERSON SCREAMING","911 CALL",600
"AUTO BURGLARY","FIELD INITIATED BY D",597
"VIOLATION OF COURT O","911 CALL",590
"DISORDERLY CONDUCT","DEFAULT - PHONE INIT",582
"FOUND PROPERTY","DEFAULT - PHONE INIT",582
"STOLEN VEHICLE","FIELD INITIATED BY D",579
"SUICIDE THREATS","911 CALL",574
"SUSPECT","DEFAULT - PHONE INIT",566
"MAKE A PHONE CALL","DEFAULT - PHONE INIT",562
"DUI ALCOHOL/DRUGS","911 CALL",557
"BRANDISH A WEAPON","DEFAULT - PHONE INIT",535
"SUSPICIOUS VEHICLE","FIELD INITIATED BY D",534
"SECURITY CHECK","MDT-INITIATED",533
"ABANDONED AUTOMOBILE","FIELD INITIATED BY D",531
"SLEEPER","DEFAULT - PHONE INIT",529
"ANIMAL CONTROL UNIT","DEFAULT - PHONE INIT",526
"DISTURBANCE-LANDLORD","DEFAULT - PHONE INIT",521
"GRAND THEFT","DEFAULT - PHONE INIT",521
"WALKING BEAT","FIELD INITIATED BY D",516
"DISTURBING THE PEACE","FIELD INITIATED BY D",512
"VIDEO EVIDENCE","FIELD INITIATED BY D",507
"AUTO ON FIRE","911 CALL",502
"415 BOYFRIEND","DEFAULT - PHONE INIT",494
"DISTURBING THE PEACE","MDT-INITIATED",481
"INVESTIGATE REPORT O","DEFAULT - PHONE INIT",478
"SUBJECT ARMED WITH W","DEFAULT - PHONE INIT",471
"VEHICLE COLLISION-UN","DEFAULT - PHONE INIT",455
"ABANDONED AUTOMOBILE","DEFAULT - PHONE INIT",454
"DISTURBANCE-UNWANTED","911 CALL",452
"DISTURBANCE-AUTO","DEFAULT - PHONE INIT",450
"AUTO IMPROPERLY PARK","DEFAULT - PHONE INIT",448
"COMMUNITY MEETING","FIELD INITIATED BY D",448
"DEAD ANIMAL PICK UP","DEFAULT - PHONE INIT",445
"UNITS ON SURVEILLANC","DEFAULT - PHONE INIT",437
"ALARM-SILENT","DEFAULT - PHONE INIT",435
"HIT & RUN RESULTING","911 CALL",428
"AMBULANCE FOLLOW UP","911 CALL",423
"DISTURBANCE-UNWANTED","DEFAULT - PHONE INIT",423
"SUSPECT","911 CALL",420
"PERSON SCREAMING","DEFAULT - PHONE INIT",411
"RECOVERED STOLEN VEH","911 CALL",400
"STAND BY AND PRESERV","911 CALL",397
"MISCELLANEOUS/UNKNOW","MDT-INITIATED",393
"OBSTRUCT PERSON'S MO","DEFAULT - PHONE INIT",392
"MENTALLY ILL","FIELD INITIATED BY D",375
"AUTO BLOCKING DRIVEW","911 CALL",370
"MISDIAL","DEFAULT - PHONE INIT",367
"TRAINING","FIELD INITIATED BY D",367
"INDECENT EXPOSURE","DEFAULT - PHONE INIT",360
"FOUND PROPERTY","MDT-INITIATED",354
"SPECIAL ENFORCEMENT","FIELD INITIATED BY D",354
"DISTURBING BETWEEN R","DEFAULT - PHONE INIT",352
"DUI ALCOHOL/DRUGS","DEFAULT - PHONE INIT",350
"SEXUAL ASSAULT; RAPE","DEFAULT - PHONE INIT",349
"POSSIBLE DEAD PERSON","DEFAULT - PHONE INIT",337
"FORGERY","MDT-INITIATED",334
"SHOOTING AT/INTO AN","DEFAULT - PHONE INIT",331
"NON POLICE/LAW RELAT","911 CALL",327
"VIOLATION OF CUSTODY","DEFAULT - PHONE INIT",324
"HAZARDOUS SITUATION/","FIELD INITIATED BY D",319
"DISTURBING BETWEEN R","911 CALL",313
NA,"DEFAULT - PHONE INIT",310
"ASSIST","911 CALL",309
"SIGNALS-MALFUNCTIONI","DEFAULT - PHONE INIT",309
"DISTURBANCE-LANDLORD","911 CALL",308
"GIRLFRIEND CREATING","911 CALL",307
"GRAND THEFT","911 CALL",305
"BARKING DOG","DEFAULT - PHONE INIT",297
"STALLED VEH","911 CALL",295
"TEC CALL","DEFAULT - PHONE INIT",295
"ALARM-RINGER","911 CALL",288
"STOLEN LICENSE PLATE","MDT-INITIATED",288
"DISORDERLY CONDUCT:","DEFAULT - PHONE INIT",285
"DRUNK ON THE STREET","911 CALL",281
"LOUD MUSIC","911 CALL",278
"VANDALISM","MDT-INITIATED",278
"VICIOUS ANIMAL","DEFAULT - PHONE INIT",278
"415 FIRE CRACKERS","911 CALL",277
"AMBULANCE FOLLOW UP","DEFAULT - PHONE INIT",275
"SMOKE","911 CALL",275
"EVALUATION","FIELD INITIATED BY D",272
"FOUND PROPERTY","FIELD INITIATED BY D",271
"POSSIBLE DEAD PERSON","911 CALL",270
"TEST","911 CALL",265
"DRUNK ON THE STREET","DEFAULT - PHONE INIT",264
"SIDESHOW","DEFAULT - PHONE INIT",262
"TRAFFIC CONTROL POST","FIELD INITIATED BY D",258
"VIOLATION OF CUSTODY","MDT-INITIATED",253
"INDECENT EXPOSURE","911 CALL",249
"ASSAULT","911 CALL",242
"BATTERY","FIELD INITIATED BY D",239
"CRIMES AGAINST CHILD","DEFAULT - PHONE INIT",238
"MISSING PERSON","911 CALL",238
"COVER THE OFFICER","DEFAULT - PHONE INIT",237
"HIT & RUN RESULTING","DEFAULT - PHONE INIT",237
"GIRLFRIEND CREATING","DEFAULT - PHONE INIT",230
"LIVE ANIMAL PICK UP","DEFAULT - PHONE INIT",230
"CRUELTY TO DEPENDENT","DEFAULT - PHONE INIT",228
"INSANE PERSON-VIOLEN","911 CALL",228
"GRAND THEFT","MDT-INITIATED",225
"TEST","DEFAULT - PHONE INIT",225
"SIDESHOW","911 CALL",222
"VIDEO EVIDENCE","911 CALL",222
"THEFT","FIELD INITIATED BY D",220
"DISTURBANCE-JUVENILE","DEFAULT - PHONE INIT",219
"HIT & RUN (PROPERTY","FIELD INITIATED BY D",218
"ARSON","DEFAULT - PHONE INIT",215
"ASSOCIATED TYPE FROM","911 CALL",215
"RUNAWAY","911 CALL",213
"MEET THE OFFICER","FIELD INITIATED BY D",206
"SUPPLEMENT","DEFAULT - PHONE INIT",206
"ASSAULT","DEFAULT - PHONE INIT",203
"ANIMAL-STRAYING","911 CALL",200
"VEHICLE COLLISION-DR","911 CALL",200
"CHILD ENDANGERMENT O","DEFAULT - PHONE INIT",199
"CAR PROWLER OR CLOUT","DEFAULT - PHONE INIT",197
"ON-LINE REPORT (COPL","911 CALL",194
"ROBBERY","FIELD INITIATED BY D",189
"STALKING","DEFAULT - PHONE INIT",189
"STALLED VEH","DEFAULT - PHONE INIT",188
"ATTEMPT SUICIDE","911 CALL",187
"GAS LEAK","911 CALL",187
"DISTURBANCE-DRINKERS","911 CALL",186
"ANIMAL BITE","DEFAULT - PHONE INIT",184
"INCORRIGIBLE: BEYOND","911 CALL",184
"DUMP WASTE OR OFFENS","DEFAULT - PHONE INIT",183
"VANDALISM","FIELD INITIATED BY D",183
"CHECK VEHICLE","911 CALL",182
"MISSING PERSON AT RI","DEFAULT - PHONE INIT",182
"TOW REQUESTED","DEFAULT - PHONE INIT",182
"USE OF/UNDER INFLUEN","DEFAULT - PHONE INIT",181
"UNSECURED PREMISE","DEFAULT - PHONE INIT",179
"VICTIM","DEFAULT - PHONE INIT",178
"INCORRIGIBLE: BEYOND","DEFAULT - PHONE INIT",175
"DISORDERLY CONDUCT","911 CALL",172
"INFLICT INJURY ON CH","DEFAULT - PHONE INIT",172
"THREATEN CRIME WITH","DEFAULT - PHONE INIT",172
"ATTEMPT SUICIDE","DEFAULT - PHONE INIT",171
"OBSTRUCT PERSON'S MO","911 CALL",170
"BURGLARY","FIELD INITIATED BY D",164
"INSANE PERSON-VIOLEN","DEFAULT - PHONE INIT",164
"CARJACKING","911 CALL",163
"FIRE","FIELD INITIATED BY D",163
"PROWLER OUTSIDE","911 CALL",161
"ON-LINE REPORT (COPL","DEFAULT - PHONE INIT",160
"CHILD ENDANGERMENT O","911 CALL",159
"WAGON REQUESTED","FIELD INITIATED BY D",159
"WAGON REQUESTED","DEFAULT - PHONE INIT",158
"WIRES","911 CALL",156
"CARJACKING","DEFAULT - PHONE INIT",151
"PICK UP","DEFAULT - PHONE INIT",148
"STALLED VEH","FIELD INITIATED BY D",144
"AUTO ALARM","DEFAULT - PHONE INIT",143
"CONTEMPT OF COURT OR","MDT-INITIATED",142
"BATTERY ON CO-HABITA","FIELD INITIATED BY D",141
"MEET THE OFFICER","DEFAULT - PHONE INIT",141
"VEHICLE COLLISION-PE","FIELD INITIATED BY D",140
"VEHICLE COLLISION-CI","DEFAULT - PHONE INIT",137
"DISTURBANCE-JUVENILE","911 CALL",136
"VICIOUS ANIMAL","911 CALL",136
"TRESPASS:","MDT-INITIATED",133
"ON VIEW","DEFAULT - PHONE INIT",132
"PERSON DETAINED-IN C","DEFAULT - PHONE INIT",132
"PROWLER OUTSIDE","DEFAULT - PHONE INIT",132
"STOLEN LICENSE PLATE","911 CALL",132
"ATTEMPTED BURGLARY","DEFAULT - PHONE INIT",131
"EVIDENCE","DEFAULT - PHONE INIT",131
"SHOOTING AT/INTO AN","911 CALL",131
"OVERDOSE","911 CALL",130
"VEHICLE COLLISION-CI","FIELD INITIATED BY D",130
"VEHICLE COLLISION-DR","DEFAULT - PHONE INIT",128
"AUTO ON FIRE","DEFAULT - PHONE INIT",126
"PERSON DETAINED-IN C","911 CALL",126
"WIRES","DEFAULT - PHONE INIT",126
"TRAFFIC CONTROL POST","DEFAULT - PHONE INIT",124
"ELECTRONIC DEVICE","DEFAULT - PHONE INIT",122
"WALK THROUGH","FIELD INITIATED BY D",122
"OVERDOSE","DEFAULT - PHONE INIT",121
"LOJACK HIT","FIELD INITIATED BY D",120
"MISSING PERSON AT RI","911 CALL",115
"GAMBLING","DEFAULT - PHONE INIT",114
"MISSING JUVENILE","911 CALL",112
"WARRANT SERVICE","FIELD INITIATED BY D",112
"SLEEPER","911 CALL",111
"AMBULANCE FOLLOW UP","FIELD INITIATED BY D",110
"CAR PROWLER OR CLOUT","911 CALL",110
"SIDESHOW","FIELD INITIATED BY D",110
"DRUNK IN AUTO","911 CALL",109
"DRUNK IN AUTO","DEFAULT - PHONE INIT",108
"CRUELTY TO ANIMAL","911 CALL",107
"DRUG DEALING","911 CALL",107
"PICK UP 261 KIT","DEFAULT - PHONE INIT",107
"MISCELLANEOUS/UNKNOW","DEFAULT - PHONE INIT",104
"VEHICLE COLLISION-HI","911 CALL",104
"UNSECURED PREMISE","911 CALL",103
"BROADCAST","FIELD INITIATED BY D",102
"FORCED ENTRY IN PROG","911 CALL",102
"INJURIED ANIMAL","911 CALL",102
"MISSING JUVENILE","DEFAULT - PHONE INIT",101
"SIGNALS-MALFUNCTIONI","911 CALL",101
"415 THREATS","MDT-INITIATED",98
"SUSPECT","FIELD INITIATED BY D",98
"SEXUAL BATTERY","DEFAULT - PHONE INIT",97
"AMBULANCE REQUESTED","FIELD INITIATED BY D",96
"INFLICT INJURY ON SP","DEFAULT - PHONE INIT",96
"SMOKE","DEFAULT - PHONE INIT",96
"WALK THROUGH","DEFAULT - PHONE INIT",96
"415 SHOT SPOTTER GUN","FIELD INITIATED BY D",95
"COMM ORDER","911 CALL",94
"OAKLAND MUNICIPLE CO","911 CALL",94
"ARSON","911 CALL",93
"ATTEMPTED ROBBERY","911 CALL",93
"MEAL BREAK","FIELD INITIATED BY D",93
"PURSUIT","DEFAULT - PHONE INIT",92
"WASHDOWN","FIELD INITIATED BY D",92
"ANIMAL BITE","911 CALL",91
"EMBEZZLED VEHICLE","DEFAULT - PHONE INIT",91
"INFLICT INJURY ON CH","911 CALL",91
"GRAND THEFT","FIELD INITIATED BY D",90
"UNITS ON SURVEILLANC","FIELD INITIATED BY D",90
"HOMELESS ENCAMPMENT","FIELD INITIATED BY D",89
"TRESPASS:","FIELD INITIATED BY D",89
"415 GUNSHOTS","FIELD INITIATED BY D",88
"ASSAULT WITH CAUSTIC","911 CALL",88
"WELFARE CHECK -- CHE","FIELD INITIATED BY D",85
"TEC CALL","FIELD INITIATED BY D",83
"VEHICLE COLLISION-HI","DEFAULT - PHONE INIT",83
"COMM ORDER","MDT-INITIATED",80
"FOUND GUN","DEFAULT - PHONE INIT",80
"THREATEN CRIME WITH","MDT-INITIATED",80
"ATTEMPTED BURGLARY","911 CALL",79
"WALK THROUGH","911 CALL",79
"ALARM-RINGER","FIELD INITIATED BY D",78
"DISTURBANCE-JUVENILE","FIELD INITIATED BY D",78
"DRUNK INSIDE BUILDIN","911 CALL",78
"KIDNAPPING","DEFAULT - PHONE INIT",78
"STOLEN LICENSE PLATE","FIELD INITIATED BY D",78
"ASSAULT WITH CAUSTIC","DEFAULT - PHONE INIT",76
"ATTEMPTED AUTO THEFT","DEFAULT - PHONE INIT",76
"EVIDENCE","FIELD INITIATED BY D",76
"FIGHT","FIELD INITIATED BY D",76
"SEXUAL ASSAULT; RAPE","911 CALL",76
"ASSAULT W/DEADLY WEA","FIELD INITIATED BY D",75
"DEAD ANIMAL PICK UP","911 CALL",74
"GAS LEAK","DEFAULT - PHONE INIT",74
"RECKLESS DRIVING","FIELD INITIATED BY D",74
"USE OF/UNDER INFLUEN","911 CALL",74
"WARRANT SERVICE","DEFAULT - PHONE INIT",74
"ASSIST","FIELD INITIATED BY D",73
"FOUND PROPERTY","911 CALL",73
"STAND BY AND PRESERV","FIELD INITIATED BY D",73
"DISORDERLY CONDUCT:","911 CALL",72
"THREATEN CRIME WITH","911 CALL",72
"INFLICT INJURY ON SP","911 CALL",71
"KIDNAPPING","911 CALL",71
"CRUELTY TO DEPENDENT","911 CALL",68
"ATTEMPTED ROBBERY","DEFAULT - PHONE INIT",67
"DRUNK INSIDE BUILDIN","DEFAULT - PHONE INIT",67
"PICKETERS/PROTESTERS","FIELD INITIATED BY D",67
"ASSIST OUTSIDE AGENC","FIELD INITIATED BY D",65
"SENILE PERSON","911 CALL",65
"VIOLATION OF CUSTODY","911 CALL",64
"COMM ORDER","FIELD INITIATED BY D",63
"THREATEN CRIME WITH","FIELD INITIATED BY D",62
"ALARM-SCHOOL ALARM","DEFAULT - PHONE INIT",61
"CROSSING ARMS DOWN","DEFAULT - PHONE INIT",61
"LEASH LAW VIOLATION","DEFAULT - PHONE INIT",61
"MISSING PERSON","FIELD INITIATED BY D",61
"SENILE PERSON","DEFAULT - PHONE INIT",61
"PROSTITUTION/DISORDE","911 CALL",60
"ROBBERY: FIRST DEGRE","911 CALL",60
"BATTERY","MDT-INITIATED",58
"FORGERY","DEFAULT - PHONE INIT",58
"GUARD PRISONER","FIELD INITIATED BY D",58
"STOP ON A BICYCLE","FIELD INITIATED BY D",58
"AUTO ON FIRE","FIELD INITIATED BY D",57
"CHILD STEALING","DEFAULT - PHONE INIT",56
"DRUNK ON THE STREET","FIELD INITIATED BY D",56
"TRANSPORTING ADMINIS","FIELD INITIATED BY D",56
"WAGON REQUESTED","MDT-INITIATED",56
"STALKING","911 CALL",55
"DUMP WASTE OR OFFENS","911 CALL",54
"NON POLICE/LAW RELAT","DEFAULT - PHONE INIT",54
"PRIVATE EYE","DEFAULT - PHONE INIT",54
"AFTER HOURS IA REFER","911 CALL",53
"ANIMAL-STRAYING","FIELD INITIATED BY D",53
"DISTURBANCE-NEIGHBOR","MDT-INITIATED",53
"LOJACK HIT","DEFAULT - PHONE INIT",53
"VEHICLE COLLISION-CI","911 CALL",53
"WATER","911 CALL",52
"EMBEZZLEMENT","DEFAULT - PHONE INIT",51
"FOUND JUVENILE","911 CALL",51
"MISCELLANEOUS/UNKNOW","911 CALL",51
"COVER THE OFFICER","FIELD INITIATED BY D",50
"TEC CALL","911 CALL",50
"415 FAMILY","FIELD INITIATED BY D",49
"415 FIRE CRACKERS","FIELD INITIATED BY D",49
"ALARM-MEDICAL","DEFAULT - PHONE INIT",49
"DISTURBANCE-CUSTOMER","FIELD INITIATED BY D",49
"FALSE IMPRISONMENT","DEFAULT - PHONE INIT",49
"FOUND SENILE","DEFAULT - PHONE INIT",49
"ROBBERY: FIRST DEGRE","DEFAULT - PHONE INIT",49
"ATTEMPTED AUTO THEFT","911 CALL",48
"AUTO BLOCKING DRIVEW","FIELD INITIATED BY D",48
"DEPRIVE CUSTODY RIGH","DEFAULT - PHONE INIT",48
"MEET WITH THE CITIZE","FIELD INITIATED BY D",48
"RECOVERED STOLEN VEH","MDT-INITIATED",48
"EMERGENCY TRAFFIC ON","DEFAULT - PHONE INIT",47
"SLEEPER","FIELD INITIATED BY D",47
"WILLFUL CRUELTY TO C","DEFAULT - PHONE INIT",47
"THROWING SUBSTANCE A","DEFAULT - PHONE INIT",46
"WAGON REQUEST","FIELD INITIATED BY D",46
"TEC CALL","MDT-INITIATED",44
"WATER","DEFAULT - PHONE INIT",44
"ANIMAL CONTROL UNIT","FIELD INITIATED BY D",43
"BRANDISH A WEAPON","FIELD INITIATED BY D",43
"THROWING SUBSTANCE A","911 CALL",43
"SPECIAL ASSIGNMENT","DEFAULT - PHONE INIT",42
"TRAFFIC CONTROL POST","MDT-INITIATED",42
"WAGON REQUEST","DEFAULT - PHONE INIT",42
"AUTO BURGLARY","MDT-INITIATED",41
"BAD SMELL","DEFAULT - PHONE INIT",41
"ELECTRONIC DEVICE","911 CALL",41
"ABSENT WITHOUT LEAVE","DEFAULT - PHONE INIT",40
"CARWASH","DEFAULT - PHONE INIT",40
"FORCED ENTRY IN PROG","DEFAULT - PHONE INIT",40
"HOMELESS ENCAMPMENT","911 CALL",40
"POSSESS NARCOTIC CON","DEFAULT - PHONE INIT",40
"MEET WITH THE CITIZE","DEFAULT - PHONE INIT",39
"COLISEUM OR ARENT EV","FIELD INITIATED BY D",38
"DISTURBANCE-AUTO","911 CALL",38
"INVESTIGATE REPORT F","DEFAULT - PHONE INIT",38
"DISTURBANCE-LANDLORD","MDT-INITIATED",37
"FOUND SENILE","911 CALL",37
"OPEN HYDRANT","911 CALL",37
"PICK UP","911 CALL",37
"SEXUAL BATTERY","911 CALL",37
"VIOLATION OF COURT O","MDT-INITIATED",37
"A'S GAME","FIELD INITIATED BY D",36
"SURRENDER OF GUN OR","DEFAULT - PHONE INIT",36
"TARASOFF","DEFAULT - PHONE INIT",36
"FLOOD","DEFAULT - PHONE INIT",35
"SUSPICIOUS PERSON","FIELD INITIATED BY D",35
"VIOLATION OF COURT O","FIELD INITIATED BY D",35
"AUTO IMPROPERLY PARK","911 CALL",34
"CARWASH","FIELD INITIATED BY D",34
"CRIMES AGAINST CHILD","911 CALL",33
"PICKETERS/PROTESTERS","DEFAULT - PHONE INIT",33
"BAD SMELL","911 CALL",32
"ANIMAL CONTROL UNIT","911 CALL",31
"CHP","911 CALL",31
"CRIMES AGAINST CHILD","FIELD INITIATED BY D",31
"INVESTIGATE REPORT F","FIELD INITIATED BY D",31
"THEFT OF UTILITY SER","DEFAULT - PHONE INIT",31
"ABANDONED AUTOMOBILE","911 CALL",30
"ANNOY/MOLEST CHILDRE","DEFAULT - PHONE INIT",30
"FLOOD","911 CALL",30
"REQUIRED TO REGISTER","MDT-INITIATED",30
"EXPLOSION","911 CALL",29
"FOUND JUVENILE","DEFAULT - PHONE INIT",29
"TOW REQUESTED","911 CALL",29
"TRAFFIC CONTROL POST","911 CALL",29
"CHP","DEFAULT - PHONE INIT",28
"DEAD ANIMAL PICK UP","FIELD INITIATED BY D",27
"FALSE IMPRISONMENT","911 CALL",27
"INFLICT INJURY ON SP","FIELD INITIATED BY D",27
"CHRONIC CALLER","911 CALL",26
"INFLICT INJURY ON CH","FIELD INITIATED BY D",26
"MISSING JUVENILE","FIELD INITIATED BY D",26
"VEHICLE COLLISION-UN","FIELD INITIATED BY D",26
"BEAT INFORMATION","FIELD INITIATED BY D",25
"OPEN HYDRANT","DEFAULT - PHONE INIT",25
"SPECIAL ASSIGNMENT","MDT-INITIATED",25
"MISSING PERSON","MDT-INITIATED",24
"OAKLAND MUNICIPLE CO","FIELD INITIATED BY D",24
"FRAUDULENT USE OF AC","DEFAULT - PHONE INIT",23
"RUNAWAY","FIELD INITIATED BY D",23
"SEARCH","FIELD INITIATED BY D",23
"SUBJECT ARMED WITH W","FIELD INITIATED BY D",23
"CARWASH","911 CALL",22
"COUNTERFEIT CURRENCY","DEFAULT - PHONE INIT",22
"DEFRAUDING AN INNKEE","DEFAULT - PHONE INIT",22
"FOUND GUN","911 CALL",22
"AUTO IMPROPERLY PARK","FIELD INITIATED BY D",21
"ELECTRICITY","911 CALL",21
"EXPLOSION","DEFAULT - PHONE INIT",21
"FOUND SENILE","FIELD INITIATED BY D",21
"IDENTITY THEFT","DEFAULT - PHONE INIT",21
"INVESTIGATE POSSIBLE","911 CALL",21
"SEXUAL ASSAULT; RAPE","FIELD INITIATED BY D",21
"SIGNALS-MALFUNCTIONI","FIELD INITIATED BY D",21
"VEHICLE PARKED ON SI","911 CALL",21
"VIN VERIFICATION","DEFAULT - PHONE INIT",21
"WARRIOR'S GAME","FIELD INITIATED BY D",21
"AGGRAVATED ASSAULT","911 CALL",20
"AUTO ALARM","911 CALL",20
"CRIMES AGAINST CHILD","MDT-INITIATED",20
"FORGERY","911 CALL",20
"LOST PERSON","911 CALL",20
"ALARM-MANUALLY ACTIV","911 CALL",19
"GUARD PRISONER","DEFAULT - PHONE INIT",19
"LOST VEHICLE","DEFAULT - PHONE INIT",19
"SURVEILLANCE","DEFAULT - PHONE INIT",19
"AUTO IN RESTRICED ZO","911 CALL",18
"BARKING DOG","911 CALL",18
"INVESTIGATE REPORT O","FIELD INITIATED BY D",18
"LOCATED MISSING PERS","DEFAULT - PHONE INIT",18
"LOST PERSON","DEFAULT - PHONE INIT",18
"SPECIAL ENFORCEMENT","DEFAULT - PHONE INIT",18
"CROSSING ARMS DOWN","911 CALL",17
"DEFRAUDING AN INNKEE","911 CALL",17
"SUPPLEMENT","911 CALL",17
"CHILD STEALING","911 CALL",16
"DISORDERLY CONDUCT:","FIELD INITIATED BY D",16
"TRAFFIC STOP--COVER","FIELD INITIATED BY D",16
"UNLAWFUL SEXUAL INTE","DEFAULT - PHONE INIT",16
"UNSECURED PREMISE","FIELD INITIATED BY D",16
"EXTORTION","DEFAULT - PHONE INIT",15
"IDENTITY THEFT","MDT-INITIATED",15
"INJURIED ANIMAL","FIELD INITIATED BY D",15
"MAKE A PHONE CALL","911 CALL",15
"ROBBERY","MDT-INITIATED",15
"SHOOTING AT/INTO AN","FIELD INITIATED BY D",15
"THROWING ITEMS AT A","911 CALL",15
"TRAINING","DEFAULT - PHONE INIT",15
"WILLFUL CRUELTY TO C","911 CALL",15
"415 BOYFRIEND","FIELD INITIATED BY D",14
"415 FAMILY","MDT-INITIATED",14
"415 UNKNOWN","FIELD INITIATED BY D",14
"CONCERT","FIELD INITIATED BY D",14
"DUI ALCOHOL/DRUGS","FIELD INITIATED BY D",14
"EMERGENCY PROTECTIVE","DEFAULT - PHONE INIT",14
"INVESTIGATE POSSIBLE","DEFAULT - PHONE INIT",14
"MISSING JUVENILE","MDT-INITIATED",14
"VIOLATION OF CUSTODY","FIELD INITIATED BY D",14
"AGGRAVATED ASSAULT","DEFAULT - PHONE INIT",13
"ARSON","FIELD INITIATED BY D",13
"AUTO IN RESTRICED ZO","FIELD INITIATED BY D",13
"CAR STOP","DEFAULT - PHONE INIT",13
"COLISEUM OR ARENT EV","DEFAULT - PHONE INIT",13
"CONTEMPT OF COURT/DI","911 CALL",13
"ELECTRICITY","DEFAULT - PHONE INIT",13
"FOUND JUVENILE","FIELD INITIATED BY D",13
"GAMBLING","911 CALL",13
"HIT & RUN RESULTING","FIELD INITIATED BY D",13
"INTIMIDATION OF A WI","DEFAULT - PHONE INIT",13
"LOST VEHICLE","911 CALL",13
"OBTAIN MONEY BY FALS","DEFAULT - PHONE INIT",13
"PICKETERS/PROTESTERS","911 CALL",13
"VEHICLE COLLISION-HI","FIELD INITIATED BY D",13
"415 THREATS","FIELD INITIATED BY D",12
"ATTEMPTED RAPE","DEFAULT - PHONE INIT",12
"CAR STOP","MDT-INITIATED",12
"IDENTITY THEFT","FIELD INITIATED BY D",12
"INVESTIGATE REPORT O","MDT-INITIATED",12
"LIVE ANIMAL PICK UP","911 CALL",12
"PASS FICTITIOUS CHEC","DEFAULT - PHONE INIT",12
"POUND","DEFAULT - PHONE INIT",12
"RECEIVE KNOWN STOLEN","DEFAULT - PHONE INIT",12
"THROWING ITEMS AT A","DEFAULT - PHONE INIT",12
"UNIT","FIELD INITIATED BY D",12
"VEHICLE COLLISION/PR","MDT-INITIATED",12
"21235 MOTORSCOOTER","DEFAULT - PHONE INIT",11
"ALARM-TRACKER","DEFAULT - PHONE INIT",11
"BLUE ALERT---CALLOUT","DEFAULT - PHONE INIT",11
"CONTEMPT OF COURT/DI","DEFAULT - PHONE INIT",11
"DISTURBANCE-DRINKERS","FIELD INITIATED BY D",11
"MURDER","DEFAULT - PHONE INIT",11
"OFF DUTY (PCD)","DEFAULT - PHONE INIT",11
"PEEPING TOM","DEFAULT - PHONE INIT",11
"POUND","FIELD INITIATED BY D",11
"RAIDER GAME","DEFAULT - PHONE INIT",11
"SUICIDE","911 CALL",11
"WILLFUL CRUELTY TO C","MDT-INITIATED",11
"AFTER HOURS IA REFER","FIELD INITIATED BY D",10
"ASSIST","MDT-INITIATED",10
"BIG RIG PARKED IN RE","DEFAULT - PHONE INIT",10
"CARJACKING","FIELD INITIATED BY D",10
"COMPLETING REPORTS","FIELD INITIATED BY D",10
"DEPRIVE CUSTODY RIGH","911 CALL",10
"EVIDENCE","911 CALL",10
"INDECENT EXPOSURE","FIELD INITIATED BY D",10
"LOST PROPERY","DEFAULT - PHONE INIT",10
"SEARCH","DEFAULT - PHONE INIT",10
"STAND BY AND PRESERV","MDT-INITIATED",10
"VEH PARKED IN SIGNED","FIELD INITIATED BY D",10
"VICTIM","911 CALL",10
"ABUSE OF 911","911 CALL",9
"ANIMAL BITE","FIELD INITIATED BY D",9
"ANNOY/MOLEST CHILDRE","FIELD INITIATED BY D",9
"ANNOYING TELEPHONE C","FIELD INITIATED BY D",9
"CONTEMPT OF COURT OR","FIELD INITIATED BY D",9
"COVER THE OFFICER","911 CALL",9
"DISTURBANCE-LANDLORD","FIELD INITIATED BY D",9
"DISTURBANCE-NEIGHBOR","FIELD INITIATED BY D",9
"GAMBLING","FIELD INITIATED BY D",9
"HATE CRIME","DEFAULT - PHONE INIT",9
"LIVE ANIMAL PICK UP","FIELD INITIATED BY D",9
"RECEIVE KNOWN STOLEN","911 CALL",9
"SUICIDE","DEFAULT - PHONE INIT",9
"WIRES","FIELD INITIATED BY D",9
"ATTEMPTED BURGLARY","FIELD INITIATED BY D",8
"CONTRIBUTING TO THE","DEFAULT - PHONE INIT",8
"EMBEZZLEMENT","FIELD INITIATED BY D",8
"FALSE PERSONATION OF","DEFAULT - PHONE INIT",8
"GANG DISTRUBING THE","DEFAULT - PHONE INIT",8
"HAZARDOUS MATERIAL","DEFAULT - PHONE INIT",8
"ILLEGAL EXHIBITION O","911 CALL",8
"LEASH LAW VIOLATION","911 CALL",8
"LOST PROPERY","FIELD INITIATED BY D",8
"MEET THE OFFICER","911 CALL",8
"POSSESS NARCOTIC CON","911 CALL",8
"POSSIBLE DEAD PERSON","FIELD INITIATED BY D",8
"SURRENDER OF GUN OR","FIELD INITIATED BY D",8
"THEFT COIN OPERATED","DEFAULT - PHONE INIT",8
"TILL TAP","DEFAULT - PHONE INIT",8
"VEHICLE COLLISION-CI","MDT-INITIATED",8
"VEHICLE COLLISION-DR","FIELD INITIATED BY D",8
"WILLFUL CRUELTY TO C","FIELD INITIATED BY D",8
"ASCERTAIN IF AMBULAN","911 CALL",7
"ASCERTAIN IF AMBULAN","DEFAULT - PHONE INIT",7
"CHILD TAKEN INTO PRO","MDT-INITIATED",7
"COUNTERFEIT CURRENCY","911 CALL",7
"DISTURBANCE-CUSTOMER","MDT-INITIATED",7
"FOUND GUN","FIELD INITIATED BY D",7
"HAZARDOUS MATERIAL","911 CALL",7
"INCORRIGIBLE: BEYOND","FIELD INITIATED BY D",7
"KIDNAPPING","FIELD INITIATED BY D",7
"LOUD MUSIC","FIELD INITIATED BY D",7
"OFFICER NEEDS IMMEDI","DEFAULT - PHONE INIT",7
"RESPOND TO THE OFFIC","FIELD INITIATED BY D",7
"TEST","FIELD INITIATED BY D",7
"VEH PARKED IN SIGNED","911 CALL",7
"WAGON REQUESTED JUVE","DEFAULT - PHONE INIT",7
"21235 MOTORSCOOTER","911 CALL",6
"415 UNKNOWN","MDT-INITIATED",6
"A'S GAME","DEFAULT - PHONE INIT",6
"ABUSE OF 911","DEFAULT - PHONE INIT",6
"ANNOY/MOLEST CHILDRE","911 CALL",6
"ASSAULT WITH CAUSTIC","FIELD INITIATED BY D",6
"ASSIST OUTSIDE AGENC","911 CALL",6
"AUTO IMPROPERLY PARK","MDT-INITIATED",6
"BATTERY ON CO-HABITA","MDT-INITIATED",6
"CHILD ABANDONMENT","DEFAULT - PHONE INIT",6
"CHRONIC CALLER","DEFAULT - PHONE INIT",6
"CONTEMPT OF COURT OR","DEFAULT - PHONE INIT",6
"DISORDERLY CONDUCT","FIELD INITIATED BY D",6
"DRUG DEALING","MDT-INITIATED",6
"EMBEZZLED VEHICLE","FIELD INITIATED BY D",6
"EMERGENCY TRAFFIC ON","911 CALL",6
"FORGERY","FIELD INITIATED BY D",6
"ILLEGAL EXHIBITION O","DEFAULT - PHONE INIT",6
"INFLICT INJURY ON CH","MDT-INITIATED",6
"MENTALLY ILL","MDT-INITIATED",6
"MURDER","911 CALL",6
"PASS FICTITIOUS CHEC","911 CALL",6
"PERSON SCREAMING","FIELD INITIATED BY D",6
"PLAYING BALL IN STRE","DEFAULT - PHONE INIT",6
"PROSTITUTION/DISORDE","FIELD INITIATED BY D",6
"SUICIDE THREATS","FIELD INITIATED BY D",6
"TARASOFF","911 CALL",6
"VEHICLE TAMPERING","DEFAULT - PHONE INIT",6
"VICTIM","FIELD INITIATED BY D",6
"ALARM-SCHOOL ALARM","911 CALL",5
"ANNOYING TELEPHONE C","DEFAULT - PHONE INIT",5
"ASSAULT","FIELD INITIATED BY D",5
"ASSAULT W/DEADLY WEA","MDT-INITIATED",5
"ATTEMPTED AUTO THEFT","FIELD INITIATED BY D",5
"ATTEMPTED ROBBERY","FIELD INITIATED BY D",5
"CHILD ENDANGERMENT O","FIELD INITIATED BY D",5
"COFFEE BREAK","FIELD INITIATED BY D",5
"CONTEMPT OF COURT OR","911 CALL",5
"DISTURBANCE-JUVENILE","MDT-INITIATED",5
"DUMP WASTE OR OFFENS","FIELD INITIATED BY D",5
"EMBEZZLEMENT BY AN E","DEFAULT - PHONE INIT",5
"FALSE REPORT OF CRIM","DEFAULT - PHONE INIT",5
"FRAUDULENT USE OF AC","911 CALL",5
"GAS LEAK","FIELD INITIATED BY D",5
"HIT & RUN (PROPERTY","MDT-INITIATED",5
"INVESTIGATE REPORT F","MDT-INITIATED",5
"LOST VEHICLE","FIELD INITIATED BY D",5
"MOBILE FIELD FORCE","FIELD INITIATED BY D",5
"ON VIEW","911 CALL",5
"PERSON DETAINED-IN C","FIELD INITIATED BY D",5
"RAIDER GAME","FIELD INITIATED BY D",5
"SCOOTERS INVOLVED IN","DEFAULT - PHONE INIT",5
"SENILE PERSON","FIELD INITIATED BY D",5
"SODOMY","DEFAULT - PHONE INIT",5
"VEHICLE PARKED ON SI","FIELD INITIATED BY D",5
"VICIOUS ANIMAL","FIELD INITIATED BY D",5
"WARRANT SERVICE","MDT-INITIATED",5
"415 BOYFRIEND","MDT-INITIATED",4
"AGGRAVATED ASSAULT","FIELD INITIATED BY D",4
"ALARM-SCHOOL ALARM","FIELD INITIATED BY D",4
"ANIMAL BITE","MDT-INITIATED",4
"ATTEMPTED RAPE","911 CALL",4
"ATTEMPTED RAPE-SEXUA","911 CALL",4
"ATTEMPTED RAPE-SEXUA","DEFAULT - PHONE INIT",4
"AUTO BLOCKING DRIVEW","MDT-INITIATED",4
"CONCERT","DEFAULT - PHONE INIT",4
"CONTRIBUTING TO THE","911 CALL",4
"DRUG DEALING","FIELD INITIATED BY D",4
"EARTHQUAKE","DEFAULT - PHONE INIT",4
"EMBEZZLED VEHICLE","MDT-INITIATED",4
"FALSE IMPRISONMENT","FIELD INITIATED BY D",4
"GIRLFRIEND CREATING","FIELD INITIATED BY D",4
"INTIMIDATION OF A WI","911 CALL",4
"LOST PROPERY","911 CALL",4
"MAYHEM","DEFAULT - PHONE INIT",4
"MISCELLANEOUS/UNKNOW","FIELD INITIATED BY D",4
"MURDER","FIELD INITIATED BY D",4
"OBSTRUCT PERSON'S MO","FIELD INITIATED BY D",4
"OFF DUTY (PCD)","FIELD INITIATED BY D",4
"OFFICER NEEDS IMMEDI","FIELD INITIATED BY D",4
"POSSESS NARCOTIC CON","FIELD INITIATED BY D",4
"PROSTITUTION/DISORDE","MDT-INITIATED",4
"SMOKE","FIELD INITIATED BY D",4
"SPECIAL ENFORCEMENT","MDT-INITIATED",4
"TILL TAP","911 CALL",4
"UNLAWFUL DETAINER","DEFAULT - PHONE INIT",4
"UNLAWFUL SEXUAL INTE","911 CALL",4
"WALKING STOP","DEFAULT - PHONE INIT",4
"ALARM-MEDICAL","911 CALL",3
"ANNOYING TELEPHONE C","911 CALL",3
"ATTEMPTED GRAND THEF","911 CALL",3
"CHECK VEHICLE","MDT-INITIATED",3
"CHOP SHOP OWNERSHIP/","DEFAULT - PHONE INIT",3
"COMMUNITY MEETING","MDT-INITIATED",3
"CROSSING ARMS DOWN","FIELD INITIATED BY D",3
"CRUELTY TO ANIMAL","MDT-INITIATED",3
"CRUELTY TO DEPENDENT","FIELD INITIATED BY D",3
"DISTURBANCE-UNWANTED","FIELD INITIATED BY D",3
"DUPLICATE INCIDENT","911 CALL",3
"EARTHQUAKE","911 CALL",3
"EXPLOSION","FIELD INITIATED BY D",3
"FAILURE TO PROVIDE F","DEFAULT - PHONE INIT",3
"FRAUDULENT USE OF AC","FIELD INITIATED BY D",3
"GANG DISTRUBING THE","911 CALL",3
"HATE CRIME","911 CALL",3
"IDENTITY THEFT","911 CALL",3
"KIDNAPPING","MDT-INITIATED",3
"KIDNAPPING FOR RANSO","DEFAULT - PHONE INIT",3
"LOCATED MISSING PERS","911 CALL",3
"LOITER WHERE CHILDRE","DEFAULT - PHONE INIT",3
"MISCALL","FIELD INITIATED BY D",3
"MISSING PERSON AT RI","FIELD INITIATED BY D",3
"MOBILE FIELD FORCE","DEFAULT - PHONE INIT",3
"NON POLICE/LAW RELAT","FIELD INITIATED BY D",3
"ON-DUTY (PCD)","DEFAULT - PHONE INIT",3
"PAROLEE","DEFAULT - PHONE INIT",3
"PEEPING TOM","911 CALL",3
"POSSIBLE EXPLOSION O","DEFAULT - PHONE INIT",3
"POUND","911 CALL",3
"REPORT REVIEW","DEFAULT - PHONE INIT",3
"RESPOND TO THE OFFIC","DEFAULT - PHONE INIT",3
"SEWER PROBLEMS","DEFAULT - PHONE INIT",3
"SEXUAL ASSAULT; RAPE","MDT-INITIATED",3
"SEXUAL BATTERY","FIELD INITIATED BY D",3
"SODOMY","MDT-INITIATED",3
"SURRENDER OF GUN OR","911 CALL",3
"SURVEILLANCE","FIELD INITIATED BY D",3
"TRANSPORTING ADMINIS","MDT-INITIATED",3
"WALK THROUGH","MDT-INITIATED",3
"WARRANT SERVICE","911 CALL",3
"WELFARE CHECK -- CHE","MDT-INITIATED",3
NA,"FIELD INITIATED BY D",3
"ABSENT WITHOUT LEAVE","911 CALL",2
"ALARM-MANUALLY ACTIV","ALARM",2
"ALARM-SILENT","MDT-INITIATED",2
"ANNOYING TELEPHONE C","MDT-INITIATED",2
"ARSON","MDT-INITIATED",2
"ATTEMPTED GRAND THEF","DEFAULT - PHONE INIT",2
"AUTO ALARM","FIELD INITIATED BY D",2
"BRANDISH A WEAPON","MDT-INITIATED",2
"CARJACKING","MDT-INITIATED",2
"CHILD ABANDONMENT","911 CALL",2
"CIVIL","911 CALL",2
"CIVIL","FIELD INITIATED BY D",2
"CONSPIRACY COURT ORD","911 CALL",2
"CONTEMPT OF COURT/DI","FIELD INITIATED BY D",2
"CONTRIBUTING TO THE","FIELD INITIATED BY D",2
"CRUELTY TO ANIMAL","FIELD INITIATED BY D",2
"DISTURBING BETWEEN R","FIELD INITIATED BY D",2
"DRUNK INSIDE BUILDIN","FIELD INITIATED BY D",2
"FORCED ENTRY IN PROG","MDT-INITIATED",2
"GRAND THEFT: DOG","DEFAULT - PHONE INIT",2
"HELICOPTER","911 CALL",2
"HELICOPTER","DEFAULT - PHONE INIT",2
"INCEST","DEFAULT - PHONE INIT",2
"INDECENT EXPOSURE","MDT-INITIATED",2
"INSANE PERSON-VIOLEN","FIELD INITIATED BY D",2
"INSFRASTRUCTURE SECU","DEFAULT - PHONE INIT",2
"INTIMIDATION OF A WI","MDT-INITIATED",2
"INVESTIGATE REPORT F","911 CALL",2
"KIDNAPPING FOR RANSO","911 CALL",2
"LOCKOUT","DEFAULT - PHONE INIT",2
"MAKE A PHONE CALL","FIELD INITIATED BY D",2
"MEET WITH THE CITIZE","911 CALL",2
"MISCALL","DEFAULT - PHONE INIT",2
"NOTIFY","DEFAULT - PHONE INIT",2
"OBSTRUCTING JUSTICE-","DEFAULT - PHONE INIT",2
"OFFICER NEEDS IMMEDI","911 CALL",2
"PETTY THEFT W/PRIORS","DEFAULT - PHONE INIT",2
"POSSESSION OF CONCEN","FIELD INITIATED BY D",2
"POSSIBLE EXPLOSION O","911 CALL",2
"PROWLER OUTSIDE","FIELD INITIATED BY D",2
"PURSUIT","FIELD INITIATED BY D",2
"RAPE VICTIM","DEFAULT - PHONE INIT",2
"RECEIVE KNOWN STOLEN","FIELD INITIATED BY D",2
"REPORT REVIEW","MDT-INITIATED",2
"RESPOND TO COMMUNICA","DEFAULT - PHONE INIT",2
"ROBBERY: FIRST DEGRE","FIELD INITIATED BY D",2
"SILENT ROBBERY ALARM","911 CALL",2
"SODOMY","FIELD INITIATED BY D",2
"STALKING","FIELD INITIATED BY D",2
"SUPPLEMENT","FIELD INITIATED BY D",2
"SUSPECTS","DEFAULT - PHONE INIT",2
"SUSPICIOUS PERSON","MDT-INITIATED",2
"THEFT COIN OPERATED","911 CALL",2
"THEFT OF MAIL/POSSES","DEFAULT - PHONE INIT",2
"THROWING SUBSTANCES","911 CALL",2
"THROWING SUBSTANCES","DEFAULT - PHONE INIT",2
"TRAINING","MDT-INITIATED",2
"TRUANT","DEFAULT - PHONE INIT",2
"UNLAWFUL DETAINER","911 CALL",2
"USE OF FORCE","DEFAULT - PHONE INIT",2
"VIDEO EVIDENCE","MDT-INITIATED",2
"WALKING STOP","MDT-INITIATED",2
"WALKING STOP--COVER","FIELD INITIATED BY D",2
"WARRIOR'S GAME","DEFAULT - PHONE INIT",2
"WITNESS","911 CALL",2
"YELLOW ALERT AT THE","DEFAULT - PHONE INIT",2
"415 SHOT SPOTTER GUN","911 CALL",1
"7 DIGIT EMERGENCY LI","DEFAULT - PHONE INIT",1
"ABSENT WITHOUT LEAVE","FIELD INITIATED BY D",1
"AFTER HOURS IA REFER","MDT-INITIATED",1
"ALARM-RINGER","MDT-INITIATED",1
"ALCOHOL,BEVERAGE AND","911 CALL",1
"ALCOHOL,BEVERAGE AND","DEFAULT - PHONE INIT",1
"ALCOHOL,BEVERAGE AND","FIELD INITIATED BY D",1
"ASSAULT ON A POLICE","FIELD INITIATED BY D",1
"ASSSAULT","DEFAULT - PHONE INIT",1
"ATTEMPTED EXTORTION","DEFAULT - PHONE INIT",1
"AUTO IN RESTRICED ZO","MDT-INITIATED",1
"BAD SMELL","FIELD INITIATED BY D",1
"CALL COMMUNICATIONS","DEFAULT - PHONE INIT",1
"CAR PROWLER OR CLOUT","FIELD INITIATED BY D",1
"CHECK POINT","FIELD INITIATED BY D",1
"CHILD TAKEN INTO PRO","FIELD INITIATED BY D",1
"CHOP SHOP OWNERSHIP/","911 CALL",1
"CHP","FIELD INITIATED BY D",1
"CIVIL","DEFAULT - PHONE INIT",1
"CIVIL","MDT-INITIATED",1
"CIVIL DISOBEDIENCE","DEFAULT - PHONE INIT",1
"COLISEUM EVENT","DEFAULT - PHONE INIT",1
"COLISEUM OR ARENT EV","MDT-INITIATED",1
"CONCERT","MDT-INITIATED",1
"CONSPIRACY COURT ORD","MDT-INITIATED",1
"COUNTERFEIT CURRENCY","FIELD INITIATED BY D",1
"CRIME STOP CALL","DEFAULT - PHONE INIT",1
"DISORDERLY CONDUCT","MDT-INITIATED",1
"DISTURBANCE-AUTO","MDT-INITIATED",1
"DISTURBANCE-DRINKERS","MDT-INITIATED",1
"DISTURBANCE-UNWANTED","MDT-INITIATED",1
"DUMP WASTE OR OFFENS","MDT-INITIATED",1
"EAST BAY MUNICIPAL U","DEFAULT - PHONE INIT",1
"EMBEZZLED VEHICLE","911 CALL",1
"EMBEZZLEMENT","911 CALL",1
"EMERGENCY TRAFFIC ON","MDT-INITIATED",1
"ESCAPEE","DEFAULT - PHONE INIT",1
"FAILURE TO PROVIDE F","911 CALL",1
"FALSE INFORMATION TO","DEFAULT - PHONE INIT",1
"FALSE PERSONATION OF","MDT-INITIATED",1
"FIGHT","MDT-INITIATED",1
"FORCED ENTRY IN PROG","FIELD INITIATED BY D",1
"FORGED PRESCRIPTION","DEFAULT - PHONE INIT",1
"FUEL VEHICLE","DEFAULT - PHONE INIT",1
"FUEL VEHICLE","MDT-INITIATED",1
"GIRLFRIEND CREATING","MDT-INITIATED",1
"GRAND THEFT: DOG","911 CALL",1
"HAZARDOUS SITUATION/","MDT-INITIATED",1
"HELICOPTER","FIELD INITIATED BY D",1
"HIT & RUN RESULTING","MDT-INITIATED",1
"INCORRIGIBLE: BEYOND","MDT-INITIATED",1
"INFLICT INJURY ON SP","MDT-INITIATED",1
"INJURE TELEPHONE/POW","DEFAULT - PHONE INIT",1
"INSFRASTRUCTURE SECU","911 CALL",1
"INTERFERE WITH POWER","DEFAULT - PHONE INIT",1
"LOITER WHERE CHILDRE","911 CALL",1
"LOJACK HIT","911 CALL",1
"LOST PERSON","FIELD INITIATED BY D",1
"LOST PROPERY","MDT-INITIATED",1
"LOST VEHICLE","MDT-INITIATED",1
"LOUD MUSIC","MDT-INITIATED",1
"MAINTAINING PUBLIC N","911 CALL",1
"MEAL BREAK","MDT-INITIATED",1
"MEET THE OFFICER","MDT-INITIATED",1
"MISCALL","911 CALL",1
"OAKLAND TRAFFIC CODE","DEFAULT - PHONE INIT",1
"OAKLAND TRAFFIC CODE","FIELD INITIATED BY D",1
"OBSTRUCTING JUSTICE-","FIELD INITIATED BY D",1
"OBSTRUCTING JUSTICE-","MDT-INITIATED",1
"OBTAIN MONEY BY FALS","911 CALL",1
"ON-DUTY (PCD)","911 CALL",1
"OVERDOSE","FIELD INITIATED BY D",1
"PACIFIC GAS AND ELEC","FIELD INITIATED BY D",1
"PERSON DETAINED-IN C","MDT-INITIATED",1
"PERSONAL BREAK","DEFAULT - PHONE INIT",1
"PHONE RPT","911 CALL",1
"PHONE RPT","DEFAULT - PHONE INIT",1
"PICK UP","FIELD INITIATED BY D",1
"PICK UP 261 KIT","FIELD INITIATED BY D",1
"POSSESS FORGED NOTES","DEFAULT - PHONE INIT",1
"POSSESSION OF CONCEN","911 CALL",1
"POSSESSION OF CONCEN","DEFAULT - PHONE INIT",1
"POSSESSION OR PURCHA","911 CALL",1
"POSSESSION OR PURCHA","DEFAULT - PHONE INIT",1
"POSSESSION OR PURCHA","FIELD INITIATED BY D",1
"POSSESSION/MANUFACTU","DEFAULT - PHONE INIT",1
"POSSIBLE DEAD PERSON","MDT-INITIATED",1
"RECKLESS DRIVING","MDT-INITIATED",1
"RELIEF","FIELD INITIATED BY D",1
"REQUIRED TO REGISTER","FIELD INITIATED BY D",1
"SEARCH","911 CALL",1
"SEARCH","MDT-INITIATED",1
"SEWER PROBLEMS","911 CALL",1
"SIDESHOW","MDT-INITIATED",1
"SOCCER GAME","FIELD INITIATED BY D",1
"SPOUSAL RAPE","911 CALL",1
"STALKING","MDT-INITIATED",1
"SUSPICIOUS VEHICLE","MDT-INITIATED",1
"THEFT OF MAIL/POSSES","911 CALL",1
"THEFT OF UTILITY SER","911 CALL",1
"THREATEN WITNESS/VIC","911 CALL",1
"THREATEN WITNESS/VIC","DEFAULT - PHONE INIT",1
"TILL TAP","FIELD INITIATED BY D",1
"TRANSPORTING ADMINIS","DEFAULT - PHONE INIT",1
"UNAUTHORIZED CABLE T","DEFAULT - PHONE INIT",1
"UNITS ON SURVEILLANC","911 CALL",1
"UNITS ON SURVEILLANC","MDT-INITIATED",1
"UNLAWFUL SEXUAL INTE","FIELD INITIATED BY D",1
"USE OF/UNDER INFLUEN","FIELD INITIATED BY D",1
"VEHICLE COLLISION-DR","MDT-INITIATED",1
"VEHICLE COLLISION-UN","MDT-INITIATED",1
"VEHICLE TAMPERING","911 CALL",1
"VEHICLE TAMPERING","MDT-INITIATED",1
"WAGON","911 CALL",1
"WAGON","DEFAULT - PHONE INIT",1
"WALKING BEAT","MDT-INITIATED",1
"WASHDOWN","DEFAULT - PHONE INIT",1
"WASHDOWN","MDT-INITIATED",1
NA,"911 CALL",1
